{
  "model_path": "checkpoints/exp9/best_model.pth",
  "test_loss": 0.365246798992157,
  "test_acc": 0.886,
  "checkpoint_epoch": 43,
  "checkpoint_best_acc": 0.8918,
  "seed": 42,
  "per_class_accuracy": {
    "airplane": 0.8930000066757202,
    "automobile": 0.949999988079071,
    "bird": 0.8410000205039978,
    "cat": 0.7360000014305115,
    "deer": 0.878000020980835,
    "dog": 0.8550000190734863,
    "frog": 0.9089999794960022,
    "horse": 0.9169999957084656,
    "ship": 0.9390000104904175,
    "truck": 0.9419999718666077
  }
}