{
  "model_path": "checkpoints/exp8/best_model.pth",
  "test_loss": 0.36509348320961,
  "test_acc": 0.8849,
  "checkpoint_epoch": 50,
  "checkpoint_best_acc": 0.8986,
  "seed": 42,
  "per_class_accuracy": {
    "airplane": 0.9160000085830688,
    "automobile": 0.9430000185966492,
    "bird": 0.824999988079071,
    "cat": 0.7570000290870667,
    "deer": 0.8989999890327454,
    "dog": 0.8169999718666077,
    "frog": 0.9190000295639038,
    "horse": 0.9120000004768372,
    "ship": 0.9380000233650208,
    "truck": 0.9229999780654907
  }
}