{
  "model_path": "checkpoints/exp13/best_model.pth",
  "test_loss": 0.3668291482925415,
  "test_acc": 0.8894,
  "checkpoint_epoch": 42,
  "checkpoint_best_acc": 0.8878,
  "seed": 42,
  "per_class_accuracy": {
    "airplane": 0.9100000262260437,
    "automobile": 0.9520000219345093,
    "bird": 0.8199999928474426,
    "cat": 0.7870000004768372,
    "deer": 0.8999999761581421,
    "dog": 0.8339999914169312,
    "frog": 0.9359999895095825,
    "horse": 0.8949999809265137,
    "ship": 0.9340000152587891,
    "truck": 0.9259999990463257
  }
}