{
  "model_path": "checkpoints/exp2/best_model.pth",
  "test_loss": 0.42635800347328184,
  "test_acc": 0.8585,
  "checkpoint_epoch": 28,
  "checkpoint_best_acc": 0.8604,
  "seed": 42,
  "per_class_accuracy": {
    "airplane": 0.890999972820282,
    "automobile": 0.9430000185966492,
    "bird": 0.7839999794960022,
    "cat": 0.6990000009536743,
    "deer": 0.8539999723434448,
    "dog": 0.796999990940094,
    "frog": 0.9039999842643738,
    "horse": 0.8799999952316284,
    "ship": 0.9200000166893005,
    "truck": 0.9129999876022339
  }
}